date,headline,source,url
2021-03-27,Titan Company Limited Financial Statements – NSE:TITAN - TradingView,google_rss,https://news.google.com/rss/articles/CBMidEFVX3lxTE9TemZ2RnpSMVVQVFNpMkhmcHRmbmtTdU53S18yMlN3SDc4MkUxeWlKcHVUMzJOOTM2TWlJNldqaVdDd3B3Ukh0Y0xvbjlxb21SQ3BIdkpzVUxRSTIyZjB1TzlfMzQyand0RE5UMUV0NTFkVzJQ?oc=5
2022-01-21,TITAN COMPANY LIMITED Share Price Today - Live TITAN Stock Price for NSE/BSE - Upstox,google_rss,https://news.google.com/rss/articles/CBMibEFVX3lxTFBLaEdJb1pERXM5Z3lpRHpvd0FueUNpN2V0VGsxc2p6bkhJVmpaaEFHUklFc1dOSUJiMkVBd1RkcmVXQW03aThSdktIMjgwaGtPUGRrWGJDMVN6c0tldTlSc09USm1sRjR0dFE1Ng?oc=5
2023-04-20,Tanishq has launched a stunning collection of earrings - Stunning Every Ear,gdelt:equitybulls.com,https://www.equitybulls.com/category.php?id=330272
2023-04-20,Celebrate Akshaya Tritiya with Tanishq Stunning Every Ear Collection,gdelt:business-standard.com,https://www.business-standard.com/content/press-releases-ani/celebrate-akshaya-tritiya-with-tanishq-s-stunning-every-ear-collection-123042000835_1.html
2023-04-20,Celebrate Akshaya Tritiya with Tanishq Stunning Every Ear Collection,gdelt:aninews.in,https://aninews.in/news/business/business/celebrate-akshaya-tritiya-with-tanishqs-stunning-every-ear-collection20230420163416/
2023-05-03,Titan Company net profit rises 40 pc to Rs 736 crore in March quarter,gdelt:indianexpress.com,https://indianexpress.com/article/business/titan-company-profit-rises-march-quarter-8590096/
2023-05-04,"Titan Company , Adani Enterprises , Tata Chemicals , HDFC among stocks to watch out for today",gdelt:businesstoday.in,https://www.businesstoday.in/markets/stocks/story/titan-company-adani-enterprises-tata-chemicals-hdfc-among-stocks-to-watch-out-for-today-379950-2023-05-04
2023-05-20,Tanishq free seminar for all would - be brides of city,gdelt:thehitavada.com,https://www.thehitavada.com/Encyc/2023/5/20/Tanishq-s-free-seminar-for-all-would-be-brides-of-city.html
2023-05-25,Tanishq to boost sales via gold exchange,gdelt:livemint.com,https://www.livemint.com/companies/news/tanishqs-gold-exchange-program-boosts-sales-amid-volatile-prices-aims-for-45-contribution-to-overall-sales-11685036127525.html
2023-05-29,"Titan Company Ltd Share Price Today , TITAN Share Price NSE , BSE",gdelt:businesstoday.in,https://www.businesstoday.in/stocks/titan-company-ltd-titan-share-price-361924
2023-06-01,Tanishq celebrates 100 Tonnes of Gold Exchange,gdelt:aninews.in,http://aninews.in/news/business/business/tanishq-celebrates-100-tonnes-of-gold-exchange20230601195601/
2023-06-09,ज्वैलरी मार्केट में आदित्य बिड़ला ग्रुप की एंट्री से क्या Titan Company को फर्क पड़ेगा या बिंदास बना रहेगा मार्केट लीडर,gdelt:hindi.moneycontrol.com,https://hindi.moneycontrol.com/news/markets/titan-share-price-should-worry-about-aditya-birla-groups-novel-jewels-1292511.html
2023-06-09,Tanishq latest ad tries to get into new wedding rituals,gdelt:afaqs.com,https://www.afaqs.com/news/advertising/tanishqs-latest-ad-tries-to-get-into-new-wedding-rituals
2023-06-15,Tanishq launches retail outlet in Dimapur,gdelt:easternmirrornagaland.com,https://easternmirrornagaland.com/tanishq-launches-retail-outlet-in-dimapur/
2023-06-15,"Tanishq Bhagat second in State , tops Vidarbha in NEET",gdelt:thehitavada.com,https://www.thehitavada.com/Encyc/2023/6/15/Tanishq-Bhagat-second-in-State-tops-Vidarbha-in-NEET.html
2023-06-22,Mia by Tanishq at VR Mall,gdelt:thehitavada.com,https://www.thehitavada.com/Encyc/2023/6/22/Mia-by-Tanishq-at-VR-Mall.html
2023-07-05,Tanishq Expands Jewellery Business with Oracle Cloud Infrastructure,gdelt:technuter.com,https://technuter.com/channel-news/tanishq-expands-jewellery-business-with-oracle-cloud-infrastructure.html
2023-07-05,Tanishq Debuts at Paris Haute Couture Week with Tales of Mystique,gdelt:cambodiantimes.com,https://www.cambodiantimes.com/news/273888827/tanishq-debuts-at-paris-haute-couture-week-with-tales-of-mystique
2023-07-05,Tanishq Debuts at Paris Haute Couture Week with Tales of Mystique,gdelt:business-standard.com,https://www.business-standard.com/content/press-releases-ani/tanishq-debuts-at-paris-haute-couture-week-with-tales-of-mystique-123070500416_1.html
2023-07-05,Tanishq Debuts at Paris Haute Couture Week with Tales of Mystique,gdelt:srilankasource.com,https://www.srilankasource.com/news/273888827/tanishq-debuts-at-paris-haute-couture-week-with-tales-of-mystique
2023-07-05,Tanishq Debuts at Paris Haute Couture Week with Tales of Mystique,gdelt:aninews.in,http://aninews.in/news/business/business/tanishq-debuts-at-paris-haute-couture-week-with-tales-of-mystique20230705141722/
2023-07-05,"Oracle low code application APEX helps Tanishq cut tech support costs by 30 % and generate Rs 1 , 000 crore in additional sales",gdelt:businesstoday.in,https://www.businesstoday.in/latest/corporate/story/oracles-low-code-application-apex-helps-tanishq-cut-tech-support-costs-by-30-and-generate-rs-1000-crore-in-additional-sales-388243-2023-07-05
2023-07-06,Where Quality Reigns Supreme : How Brand Tanishq Has Evolved Over The Years,gdelt:menafn.com,https://menafn.com/1106566245/Where-Quality-Reigns-Supreme-How-Brand-Tanishq-Has-Evolved-Over-The-Years
2023-07-06,Tanishq Debuts at Paris Haute Couture Week with Tales of Mystique,gdelt:adgully.com,https://www.adgully.com/tanishq-debuts-at-paris-haute-couture-week-with-tales-of-mystique-133753.html
2023-07-07,"Hot Stocks : Brokerage view on Allcargo Logistics , Dabur , RIL , Tech Mahindra and Titan Company",gdelt:economictimes.indiatimes.com,https://economictimes.indiatimes.com/markets/stocks/news/hot-stocks-brokerage-view-on-allcargo-logistics-dabur-ril-tech-mahindra-and-titan-company/articleshow/101562123.cms
2023-07-11,Tanishq Presents Brides of Gujarat Grand Finale,gdelt:srilankasource.com,https://www.srilankasource.com/news/273895287/tanishq-presents-brides-of-gujarat-grand-finale
2023-07-11,Tanishq Presents Brides of Gujarat Grand Finale,gdelt:aninews.in,http://aninews.in/news/business/business/tanishq-presents-brides-of-gujarat-grand-finale20230711165436/
2023-10-07,"Titan Q2 Update : Company sees 20 % revenue growth , adds 81 new stores , ET Retail",gdelt:retail.economictimes.indiatimes.com,https://retail.economictimes.indiatimes.com/news/apparel-fashion/jewellery/titan-q2-update-company-sees-20-revenue-growth-adds-81-new-stores/104228287
2023-11-16,Tanishq exec reveals plans to grow in SEA : Singapore acts as a gateway,gdelt:insideretail.asia,https://insideretail.asia/2023/11/16/tanishq-exec-reveals-plans-to-grow-in-sea-singapore-acts-as-a-gateway/
2023-11-20,"Q2 Earnings Review : Titan Company , UltraTech Cements could give 14 - 16 % return in 1 year",gdelt:economictimes.indiatimes.com,https://economictimes.indiatimes.com/markets/stocks/news/q2-earnings-review-titan-company-ultratech-cements-could-give-14-16-return-in-1-year/articleshow/105343977.cms
2023-11-25,Tanishq Exchange - Making 1 lac brides happy nationwide,gdelt:moneycontrol.com,https://www.moneycontrol.com/news/trends/lifestyle/tanishq-exchange-making-1-lac-brides-happy-nationwide-11809931.html
2023-11-25,Get Ready For The Season Grandest Sale : MIA By Tanishq,gdelt:adgully.com,https://www.adgully.com/get-ready-for-the-season-s-grandest-sale-mia-by-tanishq-139250.html
2023-11-30,"Indian jewellery brand Tanishq opens two stores in Texas , Retail News , ET Retail",gdelt:retail.economictimes.indiatimes.com,https://retail.economictimes.indiatimes.com/news/apparel-fashion/jewellery/indian-jewellery-brand-tanishq-opens-two-stores-in-texas/105629500
2023-12-01,Tanishq relaunches its largest store in Visakhapatnam,gdelt:thehindu.com,https://www.thehindu.com/news/cities/Visakhapatnam/tanishq-relaunches-its-largest-store-in-visakhapatnam/article67595173.ece
2023-12-14,"Say it with a Heart , Korean style with Mia by Tanishq : A mini Sarang Hearts assortment",gdelt:indiantelevision.com,"https://indiantelevision.com/mam/marketing/brands/say-it-with-a-heart,-korean-style-with-mia-by-tanishq:-a-mini-sarang-hearts-assortment-231214"
2023-12-19,Exclusive : Mann Ati Sundar actress Tanishq Seth opens up on fat - shaming ; says Why cant a lead actress be fat ? This is basically because of our mentality,gdelt:tellychakkar.com,https://www.tellychakkar.com/tv/tv-news/exclusive-mann-ati-sundar-actress-tanishq-seth-opens-fat-shaming-says-why-can-t-lead
2023-12-26,तनिष्क का गोल्ड एक्सचेंज प्रोग्राम देश की लगभग एक लाख दुल्हनों को प्रदान करेगा खुशियों की सौगात - tanishq gold exchange program will provide happiness one lakh brides,gdelt:punjabkesari.in,https://www.punjabkesari.in/business/news/tanishq-gold-exchange-program-will-provide-happiness-one-lakh-brides-1920679
2024-01-04,Titan Company assigns media and digital marketing mandate to Sociowash for Kenneth Cole New York Watches and Tommy Hilfiger Watches,gdelt:article.wn.com,https://article.wn.com/view/2024/01/04/Titan_Company_assigns_media_and_digital_marketing_mandate_to/
2024-01-04,Titan Company assigns media and digital marketing mandate to Sociowash for Kenneth Cole New York Watches and Tommy Hilfiger Watches,gdelt:financialexpress.com,https://www.financialexpress.com/business/brandwagon-titan-company-assigns-media-and-digital-marketing-mandate-to-sociowash-for-kenneth-cole-new-york-watches-and-tommy-hilfiger-watches-3354942/
2024-01-05,Titan Q3 Update : Company sees 22 % revenue growth on strong all - round show,gdelt:economictimes.indiatimes.com,https://economictimes.indiatimes.com/markets/stocks/earnings/titan-q3-update-company-sees-22-revenue-growth-on-strong-all-round-show/articleshow/106580164.cms
2024-01-08,Jhunjhunwala biggest stock bet Titan Company in focus as Tata group firm shares Q3 update,gdelt:businesstoday.in,https://www.businesstoday.in/markets/company-stock/story/jhunjhunwalas-biggest-stock-bet-titan-company-in-focus-as-tata-group-firm-shares-q3-update-412188-2024-01-08
2024-01-16,Tanishq Exchange has widened the smiles of one lac brides : Here how,gdelt:timesofindia.indiatimes.com,https://timesofindia.indiatimes.com/spotlight/tanishq-exchange-has-widened-the-smiles-of-one-lac-brides-heres-how/articleshow/106761549.cms
2024-03-06,Tanishq presents Festival of Diamonds,gdelt:thehitavada.com,https://www.thehitavada.com/Encyc/2024/3/6/Tanishq-presents-Festival-of-Diamonds-.html
2024-03-08,"Tanishq , India Top Jewelry Retailer , Expands US Presence with New Chicago Store",gdelt:streetinsider.com,"https://www.streetinsider.com/Business+Wire/Tanishq,+India%E2%80%99s+Top+Jewelry+Retailer,+Expands+US+Presence+with+New+Chicago+Store/22906417.html"
2024-03-11,Tanishq opens 15th store outside of India,gdelt:indiaretailing.com,https://www.indiaretailing.com/2024/03/11/tanishq-opens-15th-store-outside-of-india/
2024-03-23,"India Gift Card and Incentive Card Market Intelligence Report 2024 - 2028 Featuring Tanishq , D - Mart , Reliance Fresh , Amazon , Reliance Digital , Samsung , Reliance Digital Express , Croma , & Big basket",gdelt:tmcnet.com,https://www.tmcnet.com/usubmit/2024/03/22/9983083.htm
2024-04-20,"Gold prices today : Gold jewellery rates of Tanishq , Malabar Gold , Joyalukkas , Kalyan Jewellers",gdelt:economictimes.indiatimes.com,https://economictimes.indiatimes.com/wealth/invest/gold-prices-today-gold-jewellery-rates-of-tanishq-malabar-gold-joyalukkas-kalyan-jewellers/articleshow/109452169.cms
2024-04-27,TANISHQ PRESENTS GLAMDAY - A RANGE OF MODERN DAILY WEAR JEWELLERY,gdelt:theweek.in,https://www.theweek.in/wire-updates/business/2024/04/27/dcm8-tanishq.html
2024-05-03,Tanishqunveils its grand new store in Jammu,gdelt:thenorthlines.com,https://thenorthlines.com/tanishqunveils-its-grand-new-store-in-jammu/
2024-05-04,"Gold prices today : Gold jewellery rates of Kalyan Jewellers , Tanishq , Malabar Gold",gdelt:economictimes.indiatimes.com,https://economictimes.indiatimes.com/wealth/invest/gold-prices-today-gold-jewellery-rates-of-kalyan-jewellers-tanishq-malabar-gold/articleshow/109835067.cms
2024-05-04,"Gold prices today : Gold jewellery rates of Kalyan Jewellers , Tanishq , Malabar Gold",gdelt:economictimes.indiatimes.com,https://economictimes.indiatimes.com/wealth/spend/gold-prices-today-gold-jewellery-rates-of-kalyan-jewellers-tanishq-malabar-gold/articleshow/109835067.cms
2024-05-04,Tanishq unveils grand new store in Jammu,gdelt:dailyexcelsior.com,https://www.dailyexcelsior.com/tanishq-unveils-grand-new-store-in-jammu/
2024-05-06,"Titan Company : Intrinsic opportunity for jewellery business very strong : CK Venkataraman , Titan Company",gdelt:economictimes.indiatimes.com,https://economictimes.indiatimes.com/markets/expert-view/intrinsic-opportunity-for-jewellery-business-very-strong-ck-venkataraman-titan-company/articleshow/109879995.cms
2024-05-06,"Buy Titan Company ; target of Rs 4 , 100 : Motilal Oswal",gdelt:moneycontrol.com,https://www.moneycontrol.com/news/business/earnings/buy-titan-company-target-of-rs-4100-motilal-oswal-12715289.html
2024-05-09,Tanishq Jewellery Extravaganza Wows Shoppers at Palladium Ahmedabad,gdelt:independantexpress.com,https://independantexpress.com/tanishqs-jewellery-extravaganza-wows-shoppers-at-palladium-ahmedabad/
2024-05-28,"Tanishq unveils its grand new store in Nikol , Ahmedabad",gdelt:aninews.in,https://aninews.in/news/business/tanishq-unveils-its-grand-new-store-in-nikol-ahmedabad20240528105542/
2024-05-28,"Tanishq unveils its grand new store in Nikol , Ahmedabad",gdelt:news.webindia123.com,https://news.webindia123.com/news/Articles/Business/20240528/4201172.html
2024-05-28,"Tanishq unveils its grand new store in Nikol , Ahmedabad",gdelt:bignewsnetwork.com,https://www.bignewsnetwork.com/news/274387080/tanishq-unveils-its-grand-new-store-in-nikol-ahmedabad
2024-06-19,"Titan lines up aggressive expansion plans for Tanishq , other brands : MD",gdelt:business-standard.com,https://www.business-standard.com/companies/news/titan-lines-up-aggressive-expansion-plans-for-tanishq-other-brands-md-124061900788_1.html
2024-06-26,Tanishq bedazzles Paris Haute Couture Week with Timecrafted diamonds,gdelt:aninews.in,https://aninews.in/news/business/tanishq-bedazzles-paris-haute-couture-week-with-timecrafted-diamonds20240626142343/
2024-06-26,Tanishq bedazzles Paris Haute Couture Week with Timecrafted diamonds,gdelt:business-standard.com,https://www.business-standard.com/content/press-releases-ani/tanishq-bedazzles-paris-haute-couture-week-with-timecrafted-diamonds-124062600594_1.html
2024-06-26,Tanishq bedazzles Paris Haute Couture Week with Timecrafted diamonds,gdelt:news.webindia123.com,https://news.webindia123.com/news/Articles/Business/20240626/4209358.html
2024-06-27,"Tanishq Dazzles Paris Haute Couture Week 24 with Nature - Inspired Enchanted Trail Collection – Odisha Diary , Latest Odisha News , Breaking News Odisha",gdelt:orissadiary.com,https://orissadiary.com/tanishq-dazzles-paris-haute-couture-week24-with-nature-inspired-enchanted-trails-collection/
2024-06-27,Tanishq Dazzles Paris Haute Couture Week 24 with Nature - Inspired Enchanted Trail Collection,gdelt:srilankasource.com,https://www.srilankasource.com/news/274435255/tanishq-dazzles-paris-haute-couture-week24-with-nature-inspired-enchanted-trails-collection
2024-06-29,Titan partners with Rhythm ; launches jewellery brand Tanishq in Bangladesh,gdelt:business-standard.com,https://www.business-standard.com/companies/news/titan-partners-with-rhythm-launches-jewellery-brand-tanishq-in-bangladesh-124062900398_1.html
2024-06-29,Titan to set up Tanishq factory in Bangladesh,gdelt:bssnews.net,https://www.bssnews.net/news-flash/197431
2024-07-01,"Titan , Rhythm Group Sign Deal For Tanishq Expansion In BD",gdelt:menafn.com,https://menafn.com/1108391852/Titan-Rhythm-Group-Sign-Deal-For-Tanishqs-Expansion-In-BD
2024-07-05,Titan Q1 Update : Business grows 9 % YoY ; company adds 61 stores,gdelt:economictimes.indiatimes.com,https://economictimes.indiatimes.com/markets/stocks/earnings/titan-q1-update-business-grows-9-yoy-company-adds-61-stores/articleshow/111516395.cms
2024-07-05,Titan Company Q1 update : Firm posts 9 % growth in business,gdelt:moneycontrol.com,https://www.moneycontrol.com/news/business/companies/titan-company-q1-update-firm-posts-9-growth-in-business-12763155.html
2024-07-08,"Stocks To Focus : Bandhan Bank , Titan Company , IndusInd Bank , Adani Wilmar , KPI Green",gdelt:siliconindia.com,https://www.siliconindia.com/news/general/stocks-to-focus-bandhan-bank-titan-company-indusind-bank-adani-wilmar-kpi-green-nid-230585-cid-1.html
2024-07-10,Tanishq Tops YouGov Recommend Rankings 2024 in India,gdelt:adgully.com,https://www.adgully.com/tanishq-tops-yougov-recommend-rankings-2024-in-india-147914.html
2024-07-12,Garima Maheshwari on how Tanishq is redefining daily wear jewellery,gdelt:adgully.com,https://www.adgully.com/garima-maheshwari-on-how-tanishq-is-redefining-daily-wear-jewellery-148015.html
2024-07-14,"Tanishq Celebrates Milestone : 3 , 00 , 342 Ahmedabadi Families Honored at a Glittering Event",gdelt:bilkulonline.com,https://bilkulonline.com/2024/07/14/tanishq-celebrates-milestone-300342-ahmedabadi-families-honored-at-the-glittering-event/
2024-07-26,"Tanishq showroom looted in Bihar Purnea ; thieves lock staff in room , flee with diamonds and gold jewellery",gdelt:livemint.com,https://www.livemint.com/news/tanishq-showroom-looted-in-bihars-purnea-thieves-lock-staff-in-room-flee-with-diamonds-and-gold-jewellery-11722000820925.html
2024-07-26,"Purnia Tanishq showroom robbery miscreants looted jewellery worth crores at gunpoint - पूर्णिया के तनिष्क शोरूम में दिनदहाड़े भीषण डकैती , 6 बदमाशों ने गन प्वाइंट पर करोड़ों की ज्वेलरी लूटी , बिहार न्यूज",gdelt:livehindustan.com,https://www.livehindustan.com/bihar/story-purnia-tanishq-showroom-robbery-miscreants-looted-jewellery-worth-crores-at-gunpoint-10550223.html
2024-07-29,Mia by Tanishq unveils heartfelt campaign with para - archer Sheetal Devi,gdelt:adgully.com,https://www.adgully.com/mia-by-tanishq-unveils-heartfelt-campaign-with-para-archer-sheetal-devi-148590.html
2024-08-02,"Tata company titan q1 result profit falls marginally YoY to 770 crore rs revenue rises detail here टाटा की कंपनी के प्रॉफिट में गिरावट , शेयर भी सुस्त , आपका है दांव ?, बिज़नेस न्यूज़",gdelt:livehindustan.com,https://www.livehindustan.com/business/tata-company-titan-q1-result-profit-falls-marginally-yoy-to-770-crore-rs-revenue-rises-detail-here-201722613799633.html
2024-08-03,Tanishq illuminates the Grand Finale of India Couture Week 2024 Showcasing Best of its Collections with Falguni Shane Peacock,gdelt:business-standard.com,https://www.business-standard.com/content/press-releases-ani/tanishq-illuminates-the-grand-finale-of-india-couture-week-2024-showcasing-best-of-its-collections-with-falguni-shane-peacock-124080300850_1.html
2024-08-03,Tanishq illuminates the Grand Finale of India Couture Week 2024 Showcasing Best of its Collections with Falguni Shane Peacock,gdelt:srilankasource.com,https://www.srilankasource.com/news/274480557/tanishq-illuminates-the-grand-finale-of-india-couture-week-2024-showcasing-best-of-its-collections-with-falguni-shane-peacock
2024-08-03,Titan Company PAT slides YoY to Rs 770 crore in Q1 FY25,gdelt:business-standard.com,https://www.business-standard.com/markets/capital-market-news/titan-company-pat-slides-yoy-to-rs-770-crore-in-q1-fy25-124080300303_1.html
2024-08-04,"Best Titan watches for men and women : Top 10 options from elegant , quartz , stainless steel collection | Fashion Trends",gdelt:hindustantimes.com,https://www.hindustantimes.com/lifestyle/fashion/best-titan-watches-for-men-and-women-top-10-options-from-elegant-quartz-stainless-steel-collection-101722570968483.html
2024-08-15,Best Titan watches for women in India : Top 10 elegant picks that boast of timeless style and sophisticated designs | Fashion Trends,gdelt:hindustantimes.com,https://www.hindustantimes.com/lifestyle/fashion/best-titan-watches-for-women-in-india-top-10-elegant-picks-that-boast-of-timeless-style-and-sophisticated-designs-101723611130616.html
2024-08-26,How Mia by Tanishq Modernised A Classic Indian Tradition : Jewellery,gdelt:freepressjournal.in,https://www.freepressjournal.in/brandsutra/how-mia-by-tanishq-modernised-a-classic-indian-tradition-jewellery
2024-08-28,"De Beers , Tanishq tie up to grow natural diamond jewellery consumption in India",gdelt:thehindu.com,https://www.thehindu.com/business/de-beers-tanishq-tie-up-to-grow-natural-diamond-jewellery-consumption-in-india/article68577368.ece
2024-08-28,Tanishq and De Beers collaborate to boost natural diamond sales in India,gdelt:livemint.com,https://www.livemint.com/industry/tanishq-de-beers-natural-diamond-sales-india-tata-prices-lab-grown-diamonds-11724845588845.html
2024-08-28,"Tanishq and De Beers Group partner to expand natural diamond market in India , ET Retail",gdelt:retail.economictimes.indiatimes.com,https://retail.economictimes.indiatimes.com/news/apparel-fashion/jewellery/tanishq-and-de-beers-group-partner-to-expand-natural-diamond-market-in-india/112867491
2024-08-28,India overtakes China in natural diamond consumption as De Beers partners with Tanishq,gdelt:economictimes.indiatimes.com,https://economictimes.indiatimes.com/industry/cons-products/fashion-/-cosmetics-/-jewellery/india-overtakes-china-in-natural-diamond-consumption-as-de-beers-partners-with-tanishq/articleshow/112871844.cms
2024-08-28,Tanishq & De Beers Partner for Indian Diamond Market,gdelt:money.rediff.com,https://money.rediff.com/news/market/tanishq-de-beers-partner-for-indian-diamond-market/14899920240828
2024-08-28,Tanishq & De Beers join forces to expand India diamond market,gdelt:thehindubusinessline.com,https://www.thehindubusinessline.com/markets/tanishq-and-de-beers-join-forces-to-expand-indias-diamond-market/article68576315.ece
2024-08-29,TANISHQ AND DE BEERS FORGE STRATEGIC COLLABORATION TO BOOST INDIA NATURAL DIAMOND JEWELLERY MARKET,gdelt:menafn.com,https://menafn.com/1108613775/TANISHQ-AND-DE-BEERS-FORGE-STRATEGIC-COLLABORATION-TO-BOOST-INDIAS-NATURAL-DIAMOND-JEWELLERY-MARKET
2024-08-29,The Machine That Saved Tanishq,gdelt:rediff.com,https://www.rediff.com/business/special/the-machine-that-saved-tanishq/20240829.htm
2024-08-31,Tanishq new film portrays marriage as a union of two equals,gdelt:afaqs.com,https://www.afaqs.com/news/advertising/tanishqs-new-film-portrays-marriage-as-a-union-of-two-equals
2024-09-07,Mia by Tanishq celebrates Sheetal Devi Bronze Medal Victory at Paralympic 24,gdelt:adgully.com,https://www.adgully.com/mia-by-tanishq-celebrates-sheetal-devi-s-bronze-medal-victory-at-paralympics-24-150157.html
2024-10-16,Mia By Tanishq Unveils The Mia Disco Collection With Dazzling Designs Inspired By The Vibrance Of 70S Disco,gdelt:menafn.com,https://menafn.com/1108784149/Mia-By-Tanishq-Unveils-The-Mia-Disco-Collection-With-Dazzling-Designs-Inspired-By-The-Vibrance-Of-70S-Disco
2024-10-16,Mia By Tanishq Unveils The Mia Disco Collection With Dazzling Designs Inspired By The Vibrance Of 70S Disco,gdelt:menafn.com,https://menafn.com/1108784101/Mia-By-Tanishq-Unveils-The-Mia-Disco-Collection-With-Dazzling-Designs-Inspired-By-The-Vibrance-Of-70S-Disco
2024-10-16,Mia By Tanishq Unveils The Mia Disco Collection With Dazzling Designs Inspired By The Vibrance Of 70S Disco,gdelt:menafn.com,https://menafn.com/1108784135/Mia-By-Tanishq-Unveils-The-Mia-Disco-Collection-With-Dazzling-Designs-Inspired-By-The-Vibrance-Of-70S-Disco
2024-10-16,Mia By Tanishq Unveils The Mia Disco Collection With Dazzling Designs Inspired By The Vibrance Of 70S Disco,gdelt:menafn.com,https://menafn.com/1108784126/Mia-By-Tanishq-Unveils-The-Mia-Disco-Collection-With-Dazzling-Designs-Inspired-By-The-Vibrance-Of-70S-Disco
2024-10-16,Mia By Tanishq Unveils The Mia Disco Collection With Dazzling Designs Inspired By The Vibrance Of 70S Disco,gdelt:menafn.com,https://menafn.com/1108784132/Mia-By-Tanishq-Unveils-The-Mia-Disco-Collection-With-Dazzling-Designs-Inspired-By-The-Vibrance-Of-70S-Disco
2024-10-16,Tanishq presents NAV - RAANI Collection ; Royal Jewellery for Modern Day Queens,gdelt:business-standard.com,https://www.business-standard.com/content/press-releases-ani/tanishq-presents-nav-raani-collection-royal-jewellery-for-modern-day-queens-124101600344_1.html
2024-10-16,Tanishq presents NAV - RAANI Collection ; Royal Jewellery for Modern Day Queens,gdelt:news.webindia123.com,https://news.webindia123.com/news/Articles/Business/20241016/4246167.html
2024-10-16,Tanishq presents NAV - RAANI Collection ; Royal Jewellery for Modern Day Queens,gdelt:aninews.in,https://aninews.in/news/business/tanishq-presents-nav-raani-collection-royal-jewellery-for-modern-day-queens20241016114146/
2024-10-18,"Tanishq launches its grand store in Gandhinagar , Gujarat",gdelt:aninews.in,https://aninews.in/news/business/tanishq-launches-its-grand-store-in-gandhinagar-gujarat20241018171754/
2024-10-28,Bigbasket partners with Tanishq for 10 - minute Gold and Silver deliveries,gdelt:indiantelevision.com,https://indiantelevision.com/mam/media-and-advertising/ad-campaigns/bigbasket-partners-with-tanishq-for-10-minute-gold-and-silver-deliveries-241028
2024-10-29,"Dhanteras , Diwali 2024 gold jewellery offers : JioFinance , Senco , Reliance Jewels , Amazon Pay , Tanishq , Kalyan Jewellers , Malabar Gold , Joyallukas",gdelt:economictimes.indiatimes.com,https://economictimes.indiatimes.com/wealth/spend/dhanteras-diwali-2024-gold-jewellery-offers-jiofinance-senco-reliance-jewels-amazon-pay-tanishq-kalyan-jewellers-malabar-gold-joyallukas/articleshow/114719042.cms
2024-11-05,"Regal , local & digital : Tanishq strategy to win over Indian women",gdelt:afaqs.com,https://www.afaqs.com/marketing/regal-local-digital-tanishqs-strategy-to-win-over-indian-women-7385074
2024-11-06,"Titan Company shares : Goldman Sachs , Jefferies cut target prices on Tata stock",gdelt:businesstoday.in,https://www.businesstoday.in/markets/stocks/story/titan-company-shares-goldman-sachs-jefferies-cut-target-prices-on-tata-stock-452688-2024-11-06
2024-11-20,"22K gold rates today : Check gold jewellery rates of Malabar Gold , Joyalukkas , Kalyan Jewellers , Tanishq",gdelt:economictimes.indiatimes.com,https://economictimes.indiatimes.com/wealth/invest/22k-gold-rates-today-check-gold-jewellery-rates-of-malabar-gold-joyalukkas-kalyan-jewellers-tanishq/articleshow/115480610.cms
2024-11-30,"22K gold rates today : Check gold jewellery rates of Malabar Gold , Joyalukkas , Kalyan Jewellers , Tanishq",gdelt:economictimes.indiatimes.com,https://economictimes.indiatimes.com/wealth/invest/22k-gold-rates-today-check-gold-jewellery-rates-of-malabar-gold-joyalukkas-kalyan-jewellers-tanishq/articleshow/115834843.cms
2024-12-02,Tanishq Introduces De Beers Technology to Boost Consumer Confidence in Diamonds,gdelt:diamondworld.net,https://www.diamondworld.net/news/tanishq-introduces-de-beers-technology-to-boost-consumer-confidence-in-diamonds
2024-12-05,Indian jewellery brand Tanishq unveils flagship store in Dubai,gdelt:tradearabia.com,https://tradearabia.com/news/RET_429081.html
2025-01-24,Dinesh Karthik & Dipika Pallikal celebrate valentine with Mia by Tanishq,gdelt:adgully.com,https://www.adgully.com/dinesh-karthik-dipika-pallikal-celebrate-valentine-s-with-mia-by-tanishq-155459.html
2025-02-08,"Planning to gift 22KT gold on Valentine Day ? Check latest gold jewellery rates of Malabar Gold , Joyalukkas , Kalyan Jewellers , Tanishq",gdelt:economictimes.indiatimes.com,https://economictimes.indiatimes.com/wealth/invest/planning-to-gift-22kt-gold-on-valentines-day-check-latest-gold-jewellery-rates-of-malabar-gold-joyalukkas-kalyan-jewellers-tanishq/articleshow/118056154.cms
2025-02-28,Rivaah by Tanishq launches Wedding Anthem with ZNMD Makers,gdelt:adgully.com,https://www.adgully.com/rivaah-by-tanishq-launches-wedding-anthem-with-znmd-makers-156815.html
2025-03-10,"Caught on camera : 8 men enter Tanishq showroom in Bihar , rob gold and cash worth over Rs 25 crore | WATCH",gdelt:financialexpress.com,https://www.financialexpress.com/india-news/caught-on-camera-8-men-enter-tanishq-showroom-in-bihar-rob-gold-and-cash-worth-over-rs-25-crore-watch/3773507/
2025-03-10,"Tanishq Showroom Robbery : आरा में तनिष्क के शोरूम में दिनदहाड़े लूट , गार्ड को घायल कर दिया वारदात को अंजाम - bhojpur Tanishq Showroom looted in Ara criminals injured the guard",gdelt:jagran.com,https://www.jagran.com/bihar/bhojpur-bhojpur-tanishq-showroom-looted-in-ara-criminals-injured-the-guard-23897745.html
2025-05-13,Connecting Diaspora Roots With Modern Retail : Tanishq Opens In Santa Clara,gdelt:indiawest.com,https://indiawest.com/connecting-diaspora-roots-with-modern-retail-tanishq-opens-in-santa-clara/
2025-05-13,Chief of Titan watches division Suparna Mitra steps down,gdelt:timesofindia.indiatimes.com,https://timesofindia.indiatimes.com/business/india-business/chief-of-titans-watches-division-suparna-mitra-steps-down/articleshow/121128110.cms
2025-05-15,"Tanishq Opens Seventh U . S . Store in Santa Clara , Celebrating Indian Craftsmanship in Silicon Valley",gdelt:newsindiatimes.com,https://www.newsindiatimes.com/tanishq-opens-seventh-u-s-store-in-santa-clara-celebrating-indian-craftsmanship-in-silicon-valley/
2025-08-23,Tanishq unveils Festival of Diamonds 2025,gdelt:thehitavada.com,https://www.thehitavada.com/Encyc/2025/8/23/tanishq-unveils-festival-of-diamonds-2025.html
2025-08-25,Titan Company Appoints Hospitality Veteran Puneet Chhatwal as Additional Director - scanx.trade,google_rss,https://news.google.com/rss/articles/CBMi0AFBVV95cUxPVEg3TjZ2QUp3UDA3TmdYY2lLMks2TnhFZng1Vm8zNkZVWTJrSkVMWlNpYkxPSXJuYUl0ZDlfVk9DSnN6ZkNZNjBNSllDUUpCcUFDWFhKQi1WR2tTdzlLVi12OW5TZzdqVzdFUEUyenAzdGI4YUpZTHkyTkFNSWVxTFRNeDlKRlgwdk9rUmJxY1hSVkhaUzRUSmlVTlQxU01Lbjhub2lma3Vmc0pNcVdMc3dKWHFCYXF0ZDhCWDhvX0NETjNyN0NURS1fRzRra2U0?oc=5
2025-08-26,"Tata group stock titan company poised above 15 percent upside buy rating check target price सुस्त पड़े टाटा के इस शेयर का उछलेगा भाव ? दिग्गज ब्रोकरेज ने कहा - खरीद लो , Business Hindi News",gdelt:livehindustan.com,https://www.livehindustan.com/business/tata-group-stock-titan-company-poised-above-15-percent-upside-buy-rating-check-target-price-201756207711672.html
2025-08-26,Titan Company shares slip even as Bernstein initiates coverage with outperform call ; 15 % upside seen,gdelt:moneycontrol.com,https://www.moneycontrol.com/news/business/markets/titan-company-shares-slip-even-as-bernstein-initiates-coverage-with-outperform-call-15-upside-seen-13488002.html
2025-09-16,Tanishq Durga Pujo film Srijonis of New Bangaliyana celebrates the spirit of modern Bengali women,gdelt:adgully.com,https://www.adgully.com/post/6542/tanishqs-durga-pujo-film-srijonis-of-new-bangaliyana-celebrates-the-spirit-of-modern-bengali-women
2025-09-20,"22K gold rates today : Check gold jewellery rates of Malabar Gold & Diamonds , Joyalukkas , Kalyan Jewellers , Tanishq",gdelt:economictimes.indiatimes.com,https://economictimes.indiatimes.com/wealth/save/22k-gold-rates-today-check-gold-jewellery-rates-of-malabar-gold-diamonds-joyalukkas-kalyan-jewellers-tanishq/articleshow/124014858.cms
2025-09-22,Tanishq and Bibhu Mohapatra return to NYFW with tribute to women,gdelt:newsindiatimes.com,https://newsindiatimes.com/tanishq-and-bibhu-mohapatra-return-to-nyfw-with-tribute-to-women/
2025-09-23,"Mia by Tanishq onboards Aneet Padda as brand ambassador for Precious , Every Day festive campaign",gdelt:adgully.com,https://www.adgully.com/post/6885/mia-by-tanishq-onboards-aneet-padda-as-brand-ambassador-for-precious-every-day-festive-campaign
2025-09-25,"Titan Company Executes Massive Rs. 2,053 Crore Block Trade on NSE - scanx.trade",google_rss,https://news.google.com/rss/articles/CBMiwgFBVV95cUxQWFRsV1dCS25XU0VNLThpUzZFbkstZ0s5eHlXNzNVeVA0czhyR3VQb0Ywd3Z1cWszdV9la1NnQWpCTFFZRHpTZDZtMUo2ZEo1YVZ4R2dxX2hXSTlvZjNtUUVBbHZLclAwMWR3b3N0dURfVDFjdlYyMFI5Vm54b2xHNFlwVGE1aThBbW9KMk9kVEQ1RXQwS3FCUXJiUnZYaUFzNEFkS3NUeTdJR1o5RDR0U0ctc2g5VXhGVUZUWElkRVl0Zw?oc=5
2025-09-26,Tanishq launches wedding lounge to tap wedding market,gdelt:financialexpress.com,https://www.financialexpress.com/life/lifestyle/tanishq-launches-wedding-lounge-to-tap-wedding-market/3990630/
2025-10-07,"Titan Company Reports Robust 20% Growth in Q2 FY26, Driven by Strong Jewellery Sales and International Expansion - scanx.trade",google_rss,https://news.google.com/rss/articles/CBMi-gFBVV95cUxQdElxaEpaaWNJbDBWU19xVXpMMFp4RUF6UmZKRXVfeUhyUHRFNGV1VTNVMkxnM0VzSEVYNlN5RzVqMlFFRDN6RUNxbXlvNjBpYldPMDctR3c5UFZxbHcxTkZEa1haMTFnWXRGSUw3OGZJY3JMQ0lIV1pGbWJXQ0dQZndTNnNCR01RS0ZPRlV4RWUyRDhnWXc4VzBfNEpKeWtwSzBtUTJHUUlpTEt5THJPcEJSQ1k1S3Y4Y3A0NjF4allsRXFVQWphcXl6NzMzb0lncm1FMFdnZ2Q4WkU5ZGxhNzdRS3FweElocE8tcDg0dVlPajVzLVRrYzZB?oc=5
2025-10-28,Titan Company Expands Global Footprint with New UAE Subsidiary for Damas Jewellery Operations - scanx.trade,google_rss,https://news.google.com/rss/articles/CBMi7wFBVV95cUxObjgyUjJ0dElCbmQwRHA5X3FLQ3gyRkVHUmIzeEpnRmYzMGg1UDBkZVN0ZWwzOEJnaGltU3ZlOHdRQjlvR29uSlBuamFHR3hsVnBtQVZqM0F3TzZnTV9BTzFGNEM3VXBod1hRS0dYUEwxWHFtZUI3NzFBSjhFbzY2WUpYd2ZmZGREV1JqSDQ3UzByNzNMOEJoblBsVHdGNjc3bDVpdUh4eV9HSnlhdFRwQ3dlS0NKXzN3aFdma3NET1JvcFJPNlJHSUdhLWRUS0QtSjRUSVJhaGxkUW9YRjRHOWhLZ3pXLTh6X2ktSnhHOA?oc=5
2025-11-03,Titan Company shares rally to 52-week high after Q2 earnings: Here’s what analysts said - Upstox,google_rss,https://news.google.com/rss/articles/CBMi3gFBVV95cUxQTEJsclhUb0V1UmZWNmtTREc1UWFwNmZQSm0tRHNDSTZkeEtKOFY2QlJyX0xYcHZzRGpoNWRGM1NDM2xWcGpJdTgteVJEcmJBSW4xb2dWUUJnN1VnLTZwQlRaMDAwQXpodXN0b2gzZEotY28yQVpodjdsUkxvVUd5YlIyby1Tako5VUxxVGtSQklqVzFBNWlRRXJIM05aRnRqRFY5VFYwYlM3VHM1b1kwRU05emdGeG14QldTR2VrckE1d0FZMHl4YVBKQm8wMkZoMjVhNVQ5ZzdSTkE0eUE?oc=5
2025-11-26,Titan Company - India's Rs 6.5 lakh crore wedding splurge: 10 stocks that could benefit with up to 38% upside - The Economic Times,google_rss,https://news.google.com/rss/articles/CBMihwJBVV95cUxNbm01RVc0VUlhS1hVWjc2Y1cwM2puVVpyNl9UanpHaERfZ1RCOTF2RWN6X01aREdwZ05nRzhVeFRlb1hHV3RPVzVGWmNycnlfQU1odGpCNHJyMGM1OGdmQkUtbWdBOFJLQlVtcnhUZDlEWXBHV0lSOXVjbmVORUhGZFZPUXBXblRYUGFVeHBteEU2ZzJCMDljaHpMcENjQkxqZU5yLVM2SU42VkMwendkVXMwUEpnY0ttZFphNHNuaFJOZlNYbnRHOENkTGgwTDFLa1AwcXJsQXFsLUJhc1BDdWRZd3p5d1RKQjZXaVJ5UENUTGJSUXZQNlRaazJJQ3BUeGVPMzJZRQ?oc=5
2025-12-17,Titan Company Limited (NSE:TITAN) is a favorite amongst institutional investors who own 43% - simplywall.st,google_rss,https://news.google.com/rss/articles/CBMi1AFBVV95cUxOb1lRM19xZWpxSVlXWGh0eGlHNjRmc0VFdzQ1UzY1MC1QRkFFQUF4c2U2MlAyZWhaNlpWQ1NVOXVqVUJkRWVsbFdCMnlVakhzUkVOM1NHVEw3ZWZaWjY0N3R2ZW9WUGRiY3NNZ0k1aHNRUFZVd1E0RDZxamotemhtVU1YRWpSRUVNckhBOE9WNkc1anozQ19JS0lUN2piQ2dWcDEwMFcxVGxoZXpQWWp1VmJLNkxqRGVOQ1NVdDdPd1lkYWdzUFEwNnZrRWt5QmhscG9URtIB2gFBVV95cUxPOTJ2SjIxQ2ZicGZJcWVTYzNJRXVYUTJFeEMwenVNdEhqYm00QTFhc2xFb1N4YjdldXowaFM3RDNGSC1jTjk5Z2xFZDhoc3hiQVQ0RjRCYjNYTk92OWE5WVlrekVJbWRZMHEzQXItZU5oVVVCLVZ4aGxmcXhkbmxHMlVtYTc1LWNJYnI2cHpsMTNyelFjVDhSeGhkNTBBdG9tc25KaUNXTjd0QVlkZkZ1SDNyUmNIcTFFR1dEamRBcE1Fd2NDTnk1QU4xZjFnUWp4TDRqX25wcmpuQQ?oc=5
2026-01-06,Titan Company shares hit record high on Q3 business updates; check what analysts said - Upstox,google_rss,https://news.google.com/rss/articles/CBMi3AFBVV95cUxOQ1J2NVFOZXhUc3djaXFPREREUVVpUWxXNFlyNEpiZTVMRTcyZmRvRmVSNl9ZZF9TZVZOREJDVjl3VlBQNlBEQUJKeUxKY29yVC0tcWllT21BMFZBY2RUaEI3V0xHNGVZLUJwYjJDS3hFUnBPWmUtQXV5NURHTlRMaWRQM29HdDlfLU53cmlZNklTWXd0MlJTMjVpcWRhU3psUl8xYzRiSHc1VUJGTWZWN0lfR2JsVHdVMXdGdGpvMko0TVQ2aUJBNTZMZnE4NkxTc1hmNHVrWWhlQ1NZ?oc=5
2026-01-06,Titan Q3 update : Consumer business grows 40 % YoY ; company adds 56 new stores,gdelt:economictimes.indiatimes.com,https://economictimes.indiatimes.com/markets/stocks/earnings/titan-q3-update-consumer-business-grows-40-yoy-company-adds-56-new-stores/articleshow/126377877.cms
2026-01-07,"Stocks to Buy or Sell Today, January 7, 2026: Titan Company, Meesho and Lodha Developers Among Shares That - LatestLY",google_rss,https://news.google.com/rss/articles/CBMijwJBVV95cUxQN0xxR0VweDdrNnlQMUtKYkl6aTNlUURNVnhRVURTREFKalR6V3B5eWYtZWNxLWhzQVprZXpUNWNHcEVXT3Rqb3hGWVRhQzl3aUVZVHZ4dUpKVFdSQmZzRWU5S2NvSmRsc2IxNlEtYWo2QjVva0E2cWxhaEFxaXBVanFkWF90cDdUZ2IxQWdTMHhpLTZPTG4zSFlVV0ZlSUU0NlItd25xOFpaamxIZkJlQ3cyYmE2UmFzZlZUUlQzUjZHMkhsbjFWMm9LYWZCM0loNHQ5RjdpNFRWT092NW5EbUd5MnJkazlkY1FKR2x3VWlWd19KMWNVQmdfQjVKT1cyU3dva1NjdTRZOHJ5VHJF0gGUAkFVX3lxTE1rZ1FsUUlaWlZJYnpZdzFfSUo5Y2t4RG02a3k3Qmx1OHB4UkZXZXBDUG1tV09CTkNXcWw5QklIWWRiU1prYmRwZVZWMTFyeDRfSXFRVUR6c3JYYmFLWldBaXI2ZGJNLXNxT3RGMmh5UC1sTmhFLXhvZ3VHTmhaSS1xTTJNS1FNV2ZUcGdkWUtndUVJbUp5RlJrWHNEcGNnZ184bFZVamZleDAyVnhqcDQzZUUxcm9vNkVKb09HTWR4UzVQdnNETF9yYkJycE5FejNnVVE1Vk84NnI1MHhLal9TTXMyaW5EU0RNd1BRNk1VUDc4S2hrYkozWXYtV09GTXRpZGc0NFNERWJMVTNCX1YzQnNmQw?oc=5
2026-01-07,Ananya Panday set to be announced as brand ambassador of Tanishq Natural Diamonds : Bollywood News,gdelt:bollywoodhungama.com,https://www.bollywoodhungama.com/news/bollywood/ananya-panday-set-announced-brand-ambassador-tanishq-natural-diamonds/
2026-01-12,Tanishq bets on everyday diamonds with Ananya Panday as its new face,gdelt:afaqs.com,https://www.afaqs.com/marketing/tanishq-bets-on-everyday-diamonds-with-ananya-panday-as-its-new-face-10990324
2026-01-13,Tanishq unveils brand campaign featuring Ananya Panday | Advertising,gdelt:campaignindia.in,https://www.campaignindia.in:443/article/tanishq-unveils-brand-campaign-featuring-ananya-panday/506960
2026-01-14,Ananya Panday Is The Face Of Tanishq With Its Festival Of Diamonds Campaign,gdelt:femina.in,https://www.femina.in/fashion/fashion-news/ananya-panday-is-the-face-of-tanishq-with-its-festival-of-diamonds-campaign-289029.html
2026-01-29,"Tanishq Strengthens Global Luxury Presence with Fourth Showcase Unveiling Desert Diamonds at Paris Couture Week , in Collaboration with Rahul Mishra",gdelt:aninews.in,https://aninews.in/news/business/tanishq-strengthens-global-luxury-presence-with-fourth-showcase-unveiling-desert-diamonds-at-paris-couture-week-in-collaboration-with-rahul-mishra20260129104044/
2026-02-09,"Q3 Results: Titan Company, Grasim Industries, Britannia, Eicher Motors, Samvardhana Motherson, Apollo Hospitals, others to post earnings on Feb 10; check list - Upstox",google_rss,https://news.google.com/rss/articles/CBMitgJBVV95cUxNLXM4MnMycUh2TzR4aGpIQktKeHJKampnNjBrTkF4NEZxbFJZako0a19LTEJXcXByMEExVjFGTTlqVmdDS3ZWM0dQTXJFdTFiam5GamkxZktKLUZvTE1KOGtQSzhfd2k3MEx0MTFwdEl6bUhTdklFa3FFMTdxeHpxLTBIdnJreDVtV0NhM3piYWFFVXJxTElYSDcwSDJIMVJhcEExVDhSNGI1UFB2YVQ1aWN1WVFwVExyQW0tVmMxUWczWThNWU5XQ0xtUlFLOHBVUk9yOVVYUFAwN2lfMzVNR3gwWE1rdlZVeGVjX19pY1lDcEc3Y0d4LV9SUmpLR1lBYTlvU0VEa2p3ZmVnVlpMY09WWkhwVHdDT243ZGM2cUV6U3pVNWZLVnFIX1RhQ1BvZXEybXFB?oc=5
2026-02-10,Titan Company posts 61% YoY rise in Q3 PAT; EBIT margin expands to 10.8% - Business Standard,google_rss,https://news.google.com/rss/articles/CBMi5gFBVV95cUxPeTFELTBYVmEtUWd5cjkzZHR1YUZZWGVpcWk0Z2FuN2JOcEQ3a3pTVnk1T1g5eWtpS2dremZlN0luQkNwcWhCLVZUemt0LTNMdFFadXNkZ1NHaEhhQnN4STJkbGtIR2x5ZHJUa2szOXhYZWpxdjZxZV9uWU1sUlFHb0xOQmhqVEJsNUp0OUVNemJHR3VJX0J2anQ5VEUxUWx5SnpxNUxFeEYzV0VfV1dUeXJISFFUaG9XTTZaZUhUWmpnSTQxaWgydENGVmYyQWRzU0hsS3hXYmhPdzlwYTRIOWF6NEI4QdIB6wFBVV95cUxQMXY2RHd3czZOSXBpcTlSWjM3RmdBNDc0UF9wZG0tT3FxR2ZES190Rkhiekp1Z0REbnVvUXlGWXdId3cyX0dSS2FWYnZDTUh3ZjdyQ2JuUVFPSHZtUTU2UG5qNHZwSVJHT21vbXJfXzFzSTA0MG0zdGdhNVlYSEU0WkFiUlhDV09fV3JJU21aamdOeVl0TUZSamZ3bmp5OEJyZFVyUHRsbHlFRlJfa1VTcjRlbWM5cTlBdUR1YkVRa3FqaGlnZ0pxclpyc1d5Q3gtaW1JZGgxLTg5d2R0bnpnNTFXTjRFeEJhT1Bz?oc=5
2026-03-20,"Gold prices falling today ? Check 22K , 24K gold rates on Tanishq , Kalyan Jewellers , Malabar Gold & Diamonds , Joyalukkas and IBJA",gdelt:economictimes.indiatimes.com,https://economictimes.indiatimes.com/wealth/invest/gold-prices-falling-today-check-22k-24k-gold-rates-on-tanishq-kalyan-jewellers-malabar-gold-diamonds-joyalukkas-and-ibja/articleshow/129695866.cms
2026-04-02,"22k gold rate today : Check 22K , 24K gold prices ( April 2 , 2026 ) on Tanishq , Malabar Gold & Diamonds , Kalyan Jewellers , Joyalukkas and IBJA",gdelt:economictimes.indiatimes.com,https://economictimes.indiatimes.com/wealth/invest/22k-gold-rate-today-check-22k-24k-gold-prices-april-2-2026-on-tanishq-malabar-gold-diamonds-kalyan-jewellers-joyalukkas-and-ibja/articleshow/129973065.cms
2026-04-04,"22k gold rate today : Check 22K , 24K gold prices ( April 4 , 2026 ) on Tanishq , Malabar Gold & Diamonds , Kalyan Jewellers , Joyalukkas and IBJA",gdelt:economictimes.indiatimes.com,https://economictimes.indiatimes.com/wealth/invest/22k-gold-rate-today-check-22k-24k-gold-prices-april-4-2026-on-tanishq-malabar-gold-diamonds-kalyan-jewellers-joyalukkas-and-ibja/articleshow/130017683.cms
2026-04-06,"Trade Spotlight: How should you trade NLC India, KSB, Titan Company, Adani Power, Nykaa, Natco Pharma, and... - Moneycontrol.com",google_rss,https://news.google.com/rss/articles/CBMijwJBVV95cUxOY0lLQ3otaG1ZRzUwdzRPMUFZLXlTcXNCWEQ1VUZRakxkNXc4ejRCS20wRVVtcGNQaXo1akx2d2RGRGNsdERDdU5MS0hnbk84RDg5V0VfanNSMjlyQmt1ZmtCZ1REbWI5MGVaZ29lT2pQY0NGNmZZNEdvOXhndEpiNExDQjRHOE9fUWxuRHVCZXBOQ2laTkZRZlZvV2FmLXd2RktheEoyQUc5dGljNWtkdUJPWnFkNlpYNjM1MTY2TWg2S2Nxd21YbUZha2ZIUVFUSmx2YnF3T0lVM2xGZzluX0F5YjhuMmI1WVBOU0dKSFNhcW9zc1dob1dmSjFuY1dsbU04dUJUMk01dHB2V2ln0gGUAkFVX3lxTE9mcjdmZnl5Wk9zYVhILXhvTXlJdUg1emNCbjY5anV4TVMzWGRNZmlIdGZ6NGtuS3U5WENoOVN5WTFMcmNjZ2x5UHRXOGYyT3pndWotcDgyNEZ0S2JlOHFtekVjZV92QWtXWW41aWV2VF8xY0RRSFpMV2dLY3h4b05JR1ljMWNYN3JteEowR2h3cnNWc0phYWlDZXlET0h1enoyOXh3eXk2Z3NVYlBrQUJaam9lVjVVRXZfdXpzeHp1RE9XbHZiVDZDLThCaGE3WXdaNDVIRjJFQTdHb3p3WE9xYy1OMlV3UFQxMk16WGxGREkzSlp2NTZRbFlkQTZSX1pmcmZPOTB1NWF3Qnc5NHlaV0F1ZQ?oc=5
2026-04-09,"Trade Spotlight: How should you trade Manappuram Finance, Polycab India, Titan Company, Union Bank, Indus... - Moneycontrol.com",google_rss,https://news.google.com/rss/articles/CBMinwJBVV95cUxNM3JWWkhfd2VpSEktWlBQbVNYZTdRLV9VTHlkX2YyU1hjR0xNYjI5VFJWbzlrOUVic1ZjOHh6UGtCcDJpSUZiSllhNzhVLVhFendZVUdQS1ZLSzZsY3ZiVFZ4cG0wbDhDeXVBTDlBNGdYRE1MVzZIZGUzc181UnR0SXNLTGc4UTlpMnpnUU95WFA1SUx2TGcxVE5WX05YZzBNNzAzT084QXZvRHBLbTNLcFZwREVBNEswZVhvUWNLZUQ2Ukg5M1RIZ2RQeU0zNzRTT1pjS3RJanJtSTJNdHMtbGV0U0w4dUtlSHlBTE5QcW9NQWxiZS1Yc0hDeUd1S0x6bzBrNkZEX3NoMWNpVVQ4djJkUDlTYk5oVEhwVmFPMNIBpAJBVV95cUxQQndEY3JubWNyM0RtdDJTc05IWGRPLTRId0VOUGFBMHpZWkVqQXNyY1lWVm5WWUhjc1VseDh2RDZZcGlIQVJRVDN3c3kwX1QwTGNua0ZSa2E3UFB1SUtXeWh5VXU1QnRvY2tiUU5pOXg5ZGVsbVJHUVZqOTZVYjJoU3F1dGZYQWtzMnNkQTdxNEFkOGs3Zl9TXzQzWUJiQ1RyWnZlcFRQcnlrSzN4WjVpRTVjdEtaSmNRc1ZlbkdUSHBaTHdISGE1c0poMGxwNTZzaW5JX3lBQURPYWNxbzd3OEhlSTRhcW9LeXFmcXg3OEQwUGI2VXlRM0lWRTBtZW5tMWhzeFVlVWxHYmlSakcwSFdnM3REN0p2eHVaaHgxS1FxTTdi?oc=5
2026-05-08,"Titan Company climbs after Q4 PAT rises 35% YoY to Rs 1,179 cr - Business Standard",google_rss,https://news.google.com/rss/articles/CBMi2wFBVV95cUxObV9keUlxcTJuRHBVbmVMT1BZdFJyelFVRlRHSUplUG9iLW9IR3JJY2xVM3RmOE9maE15TUpZSHVuX1g0V29QazhBMkItTzhGcFQ3OXJFcTJETlYtMEVCM05oaU5PZS1NdjVDWTc0ZFpBdmc5dkVuT2FGSF9xbHgyaC1seFlhWDItTU5ySFlFbjZianB0VG9jZ2U2SWluME5acUtaa1FORERhTXF3M0I3YUo2a1UzWUFFcXlhTEgwR245MTg4ejJlMW1IdGR6dFJVTGM0dEk2Tmx2UFHSAeABQVVfeXFMTXFzZUxvb0N6cHR1LUxMU0lhNzM5X0c0S3pTM3hmcWZ2OFNtUlJxX0cxSjZ4eHExNnYyb0tyU1JZUXI4UW1ESEt4VWJNbUNHNjZ6bkpLRXhYVEdiamZMMXpsd3lRazg2MGo2TmtEd1ptYlNWREpvUk9GTHJTWDhmZXEzM2lBRU94MzIzaDlNTF8zOXd5Zm1EN2ZyYjZSSTJaNUVncEFkc19wOEFGekl1MUlhX2VHQ1VadmwwM21MenZPRHpFazR4S3Z6QktsejhqRzlZd3huR3drNURsVFhfSG0?oc=5
2026-05-08,"Titan Company Q4 Profit Climbs 35 % To ₹1 , 179 Crore As Revenue Surges 46 % On Jewellery Boom",gdelt:freepressjournal.in,https://www.freepressjournal.in/business/titan-company-q4-profit-climbs-35-to-1179-crore-as-revenue-surges-46-on-jewellery-boom
2026-05-11,"state bank of india : Buy , Sell or Hold : Elara Capital stays bullish on Titan Company , keeps sell call on ABB India",gdelt:economictimes.indiatimes.com,https://economictimes.indiatimes.com/markets/stocks/news/buy-sell-or-hold-elara-capital-stays-bullish-on-titan-company-keeps-sell-call-on-abb-india/articleshow/131002694.cms
2026-05-12,"Titan Share Price Today, May 12: Stocks of Titan Company Drop by 0.58% in Early Trade, Check Latest Price on NSE - LatestLY",google_rss,https://news.google.com/rss/articles/CBMi9wFBVV95cUxNMjhGMTRvRElOSTM1OHBxOVNMT1BNYm1BRk5UelozSXVRNlVETGR4WWtpYTZnZ1ZTdkVYbWV0LTk5Rm45eElLaGlJRzRWbks3eHpQX0pBWTNEQmFpcElFcnp6NjVNdzF3ajVxTWRTcUhhR2Y4eGNySUJDVnhteTMtVkRCb3B3d1E2QW5BQzhwM3ZnMXpDeGl5bmNFaWhVWnlIS25QczJSM01PallfcTNqOVJfYmUzWFNzSHpOUjlnQnpPcEN2eHA1UUt6RWp3cXo1WHAtZUJDYU1CQXR3SmtiSHN2MkI0cFhkMGJ2elM1a0RNM3NRNTdF?oc=5
2026-05-12,"22k gold rate today : Check 24k , 22k , 18k gold prices ( May 12 , 2026 ) on IBJA , Malabar Gold & Diamonds , Joyalukkas , Tanishq and Kalyan Jewellers",gdelt:economictimes.indiatimes.com,https://economictimes.indiatimes.com/wealth/invest/22k-gold-rate-today-check-24k-22k-18k-gold-prices-may-12-2026-on-ibja-malabar-gold-diamonds-joyalukkas-tanishq-and-kalyan-jewellers/articleshow/131030697.cms
2026-05-13,"Gold Import Duty Hike : Jewellery Stocks React As Market Turns Volatile ; Kalyan Jewellers , Senco Gold , Titan Company & PC Jeweller Under Pressure",gdelt:newsx.com,https://www.newsx.com/business/gold-import-duty-hike-jewellery-stocks-react-as-market-turns-volatile-kalyan-jewellers-senco-gold-titan-company-pc-jeweller-under-pressure-218185/
2026-05-13,"Gold , silver customs duty hikes impact : Titan Company , Kalyan Jewellers , Senco Gold among stocks in focus today",gdelt:businesstoday.in,https://www.businesstoday.in/markets/stocks/story/gold-silver-customs-duty-hikes-impact-titan-company-kalyan-jewellers-senco-gold-among-stocks-in-focus-today-531169-2026-05-13
2026-05-14,"22k gold rate today : Check 24k , 22k , 18k gold prices ( May 14 , 2026 ) on IBJA , Malabar Gold & Diamonds , Joyalukkas , Tanishq and Kalyan Jewellers",gdelt:economictimes.indiatimes.com,https://economictimes.indiatimes.com/wealth/invest/22k-gold-rate-today-check-24k-22k-18k-gold-prices-may-13-2026-on-ibja-malabar-gold-diamonds-joyalukkas-tanishq-and-kalyan-jewellers/articleshow/131088032.cms
2026-05-15,"22k gold rate today : Check 24k , 22k , 18k gold prices ( May 15 , 2026 ) on Malabar Gold & Diamonds , Joyalukkas , Tanishq , Kalyan Jewellers and IBJA",gdelt:economictimes.indiatimes.com,https://economictimes.indiatimes.com/wealth/invest/22k-gold-rate-today-check-24k-22k-18k-gold-prices-may-15-2026-on-malabar-gold-diamonds-joyalukkas-tanishq-kalyan-jewellers-and-ibja/articleshow/131112057.cms
2026-05-19,Titan Company Ltd stock (INE280A01028): shares ease after recent slide as investors watch consumer d - Ad-hoc-news.de,google_rss,https://news.google.com/rss/articles/CBMiyAFBVV95cUxQc2VmVENJS1ZKLUV0QkNvZVF6d2pzdFdqV1otWFp3TklSaDUtUEw3VGl3VWMxbUV5MHR6V3dpS1JXdVJ2c1MtSTU0TDlDN19CRWJVejIxSlJ5ZkxsbHJnMHU0YjZtOXNUWWdiNm41Y0VfY25PUTNNVC01eXJCRG0wdjdOSUI2ZkJXQTdSLUxNS294QUEwYlpZZ3JOZlQ3bEkxc3ZNTzhtMy1nSVdBZkt0SC1LZEIyRTFxWE9Yc3RKZXJpLWZDUHVJWg?oc=5
2026-05-20,"22k gold rate today : Check 24k , 22k , 18k gold prices ( May 20 , 2026 ) on IBJA , Malabar Gold & Diamonds , Joyalukkas , Tanishq and Kalyan Jewellers",gdelt:economictimes.indiatimes.com,https://economictimes.indiatimes.com/wealth/invest/22k-gold-rate-today-check-24k-22k-18k-gold-prices-may-20-2026-on-ibja-malabar-gold-diamonds-joyalukkas-tanishq-and-kalyan-jewellers/articleshow/131221195.cms
2026-05-21,"Stocks to buy in 2026 for long term: IOC, Titan Company among 5 stocks that could give 10-40% return - The Economic Times",google_rss,https://news.google.com/rss/articles/CBMioAJBVV95cUxQcWZnY3FNdVlNNjFIMDZNOWRjYlF2U3NJTVY3dVlZOHhZY3c4X0RwTlNabXdidTZvcXBCSko3LU9FQkJkWW52TTNnOTUxQnNSekdvbndKcmIzdG5JQkFiZlUtMl9tMGM2UXU2R0pfYWFmOWFfZXdSOHJ3Mjg2R0R1UDd4QXhLd2hyUlkwZzBzaXlTSTc4UXFNb3Q1V2hKV1ozb3Q1cm9WZmp2cTVOMTFCZmNzelF4WWdnTWdXLVJzdFBGYURpa3JsRU1HQnhIb2JKQkI2VlNMTzhnWnR6bWZYdzMwWlBUMHplMkVnLXpjQTVHRjdqVktkc3JPMjVXWWhHWUgwWVpDeHJDQWlTNTZUVWwxNmt5eVE2aHFyQjVqQnQ?oc=5
2026-05-21,ARFA award winning Tanishq Ongar launches new experience | Harwich and Manningtree Standard,gdelt:harwichandmanningtreestandard.co.uk,https://www.harwichandmanningtreestandard.co.uk/news/26127266.arfa-award-winning-tanishq-ongar-launches-new-experience/
2026-05-21,ARFA award winning Tanishq Ongar launches new experience,gdelt:chelmsfordweeklynews.co.uk,https://www.chelmsfordweeklynews.co.uk/news/26127266.arfa-award-winning-tanishq-ongar-launches-new-experience/
2026-05-21,ARFA award winning Tanishq Ongar launches new experience | Clacton and Frinton Gazette,gdelt:clactonandfrintongazette.co.uk,https://www.clactonandfrintongazette.co.uk/news/26127266.arfa-award-winning-tanishq-ongar-launches-new-experience/
2026-05-21,"From Dariba Kalan to Tanishq , India gold rush slows as PM appeal , soaring prices hit demand",gdelt:moneycontrol.com,https://www.moneycontrol.com/news/business/commodities/from-dariba-kalan-to-tanishq-india-s-gold-rush-slows-as-pm-s-appeal-soaring-prices-hit-demand-13926273.html
2026-05-21,"22k gold rate today : Check 24k , 22k , 18k gold prices ( May 21 , 2026 ) on IBJA , Malabar Gold & Diamonds , Joyalukkas , Tanishq and Kalyan Jewellers",gdelt:economictimes.indiatimes.com,https://economictimes.indiatimes.com/wealth/invest/22k-gold-rate-today-check-24k-22k-18k-gold-prices-may-21-2026-on-ibja-malabar-gold-diamonds-joyalukkas-tanishq-and-kalyan-jewellers/articleshow/131242758.cms
2026-05-24,Raking It In : How Titan Company is Reinventing itself,gdelt:businesstoday.in,https://www.businesstoday.in/magazine/cover-story/story/raking-it-in-how-titan-company-is-reinventing-itself-533029-2026-05-24
2026-05-26,"Tanishq Strengthens Global Luxury Presence with Fourth Showcase Unveiling Desert Diamonds at Paris Couture Week , in Collaboration with Rahul Mishra",gdelt:clevelandstar.com,http://www.clevelandstar.com/news/279076646/tanishq-strengthens-global-luxury-presence-with-fourth-showcase-unveiling-desert-diamonds-at-paris-couture-week-in-collaboration-with-rahul-mishra
2026-05-26,"Tanishq Strengthens Global Luxury Presence with Fourth Showcase Unveiling Desert Diamonds at Paris Couture Week , in Collaboration with Rahul Mishra",gdelt:britainnews.net,http://www.britainnews.net/news/279076646/tanishq-strengthens-global-luxury-presence-with-fourth-showcase-unveiling-desert-diamonds-at-paris-couture-week-in-collaboration-with-rahul-mishra
2026-05-28,"Why India Old Gold Is Its Most Underused Resource , And What Tanishq Is Doing About It",gdelt:mexicostar.com,http://www.mexicostar.com/news/279088116/why-india-old-gold-is-its-most-underused-resource-and-what-tanishq-is-doing-about-it
2026-05-28,"Why India Old Gold Is Its Most Underused Resource , And What Tanishq Is Doing About It",gdelt:aninews.in,https://aninews.in/news/business/why-indias-old-gold-is-its-most-underused-resource-and-what-tanishq-is-doing-about-it20260528161740/
2026-05-30,Sachin Tendulkar Highlights Tanishq Transparent Approach to Gold Exchange - Enabling Better Value for Customers,gdelt:bangladeshsun.com,http://www.bangladeshsun.com/news/279091225/sachin-tendulkar-highlights-tanishq-transparent-approach-to-gold-exchange-enabling-better-value-for-customers
2026-06-02,Tanishq turns old gold into new currency,gdelt:campaignindia.in,https://www.campaignindia.in/article/tanishq-turns-old-gold-into-new-currency/4nhtpa9ycwt3qr6afarb9j7aw4
2026-06-02,Sachin Tendulkar Highlights Tanishq Transparent Approach to Gold Exchange – Enabling Better Value for Customers,gdelt:thehindu.com,https://www.thehindu.com/brandhub/pr-release/sachin-tendulkar-highlights-tanishqs-transparent-approach-to-gold-exchange-enabling-better-value-for-customers/article71051357.ece
2026-06-03,Titan Company Ltd stock (INE280A01028): Shares ease in Mumbai as investors await next catalysts - Ad-hoc-news.de,google_rss,https://news.google.com/rss/articles/CBMiygFBVV95cUxNSzhScnQ5b21MX0VBdk84YjJxcEVyalNxMVFtZjF2clJzSXdQUW5YTjlxN3BYN19Vdkh2Y2Y1aGRjb1RlSzFhZkd1U1gtcnZNUHZuQ2ZHRDFfZC1Qb2dMV2hfQmNoWDMybkhDMFFyQ0VHbzJOWDJJTmk4SUlnSXNQSmdRUnE1ODRsWGxiVWNrelhBeHZVOTBqaGNXbkxpRl9OTXVZZzNpcWpNTFUxMTZEaUR4SUNfTmZuVjlOdjJsYWxTTzk4aWtnbzBB?oc=5
2026-06-14,"Titan Company Nine Monthly Results, Nine Monthly Earnings for Titan Company - The Economic Times",google_rss,https://news.google.com/rss/articles/CBMikgFBVV95cUxQTWRzcmpvUXNOdzBhUHctTDRwY0g5bTc0MUVLS085N19XbTVoeHg0M0RZLVpIV3VTWFlpREtYWEZoVVc5d19NdGdOMDhPaGFjU2FEVkRQN1dGZ0Rfc1NOVWdGT1JwOWtiZVM2ODB5bnQ4bDdNRERFTkxwOWtYemMxQUo2bGtXN3FTV3JhN2FNOWlxQQ?oc=5
2026-06-17,"Who Owns Titan Company? Founder, Ownership Structure and Leadership Explained - Adda247",google_rss,https://news.google.com/rss/articles/CBMisAFBVV95cUxNMm03andvM0c2dmQ3ZUZDcERPRmU5SWZobWlxM1VJMDhpSjU2bnpFLWhhdVJkc0ttcU1DM0FaVUdqNHdEN3M2SUhWRFZ6bEN5SkVuajJMX2xrYmhNTm1OSGJnZmVad3FZZWc0WFVuVVFIbVJHTE1XMWpFRDN1bC04bHdGUWRPdURLSkZHS2QyTVplUEU3ZU15cmZMVVQxTEh2bjFydTIzNHNJNGUtbWtHcw?oc=5
